{
  "IsolationForest": {
    "precision": 0.8704453441295547,
    "recall": 0.09483899426554919,
    "f1_score": 0.17104216388225935
  },
  "LSTM_AE": {
    "precision": 0.06666666666666667,
    "recall": 0.0008869179600886918,
    "f1_score": 0.00175054704595186
  },
  "Threshold": 4.168710124388027
}