{
  "IsolationForest": {
    "precision": 0.8704453441295547,
    "recall": 0.09483899426554919,
    "f1_score": 0.17104216388225935
  },
  "LSTM_AE": {
    "precision": 0.1,
    "recall": 0.0013303769401330377,
    "f1_score": 0.00262582056892779
  },
  "Threshold": 4.770876511804136
}